SatellitePair,Distance
Sat11 to Sat12,6276.1431395740265
Sat11 to Sat12,6276.143139574024
Sat11 to Sat12,6276.143139574028
Sat11 to Sat12,6276.143139574022
Sat11 to Sat12,6276.143139574029
Sat11 to Sat12,6276.14313957403
Sat11 to Sat12,6276.00829081636
Sat11 to Sat21,6304.782389617903
Sat11 to Sat21,6034.3887532028
Sat11 to Sat21,5378.743886556878
Sat11 to Sat21,4382.579172515569
Sat11 to Sat21,3117.440819418272
Sat11 to Sat21,1697.497527058484
Sat11 to Sat21,661.2274228521412
Sat12 to Sat13,6276.14313957403
Sat12 to Sat13,6276.143139574024
Sat12 to Sat13,6276.143139574026
Sat12 to Sat13,6276.1431395740265
Sat12 to Sat13,6276.14313957403
Sat12 to Sat13,6276.143139574028
Sat12 to Sat13,6276.008290825167
Sat12 to Sat22,4291.195692493342
Sat12 to Sat22,3008.7764749738494
Sat12 to Sat22,1585.0103611625013
Sat12 to Sat22,677.1225581264827
Sat12 to Sat22,1847.8567411319607
Sat12 to Sat22,3260.0175341182066
Sat12 to Sat22,4501.18380107161
Sat13 to Sat14,6276.143139574031
Sat13 to Sat14,6276.143139574026
Sat13 to Sat14,6276.1431395740265
Sat13 to Sat14,6276.143139574028
Sat13 to Sat14,6276.143139574027
Sat13 to Sat14,6276.1431395740265
Sat13 to Sat14,6276.008290825843
Sat13 to Sat23,715.3745738575751
Sat13 to Sat23,1961.662834311935
Sat13 to Sat23,3366.1746164368383
Sat13 to Sat23,4588.58754105298
Sat13 to Sat23,5526.643828600544
Sat13 to Sat23,6113.976824303193
Sat13 to Sat23,6310.688847878245
Sat14 to Sat15,6276.143139574025
Sat14 to Sat15,6276.143139574024
Sat14 to Sat15,6276.1431395740265
Sat14 to Sat15,6276.143139574028
Sat14 to Sat15,6276.1431395740265
Sat14 to Sat15,6276.143139574023
Sat14 to Sat15,6276.008290817034
Sat14 to Sat24,4674.1614225129515
Sat14 to Sat24,5586.54605574804
Sat14 to Sat24,6144.098390242105
Sat14 to Sat24,6309.006125477498
Sat14 to Sat24,6070.20553379433
Sat14 to Sat24,5443.739118406994
Sat14 to Sat24,4472.2832604631985
Sat15 to Sat16,6276.143139574025
Sat15 to Sat16,6276.143139574023
Sat15 to Sat16,6276.143139574028
Sat15 to Sat16,6276.143139574025
Sat15 to Sat16,6276.14313957403
Sat15 to Sat16,6276.14313957403
Sat15 to Sat16,6276.0082908163595
Sat15 to Sat25,6304.7823896179025
Sat15 to Sat25,6034.388753202803
Sat15 to Sat25,5378.743886556879
Sat15 to Sat25,4382.579172515569
Sat15 to Sat25,3117.440819418273
Sat15 to Sat25,1697.497527058484
Sat15 to Sat25,661.2274228521403
Sat16 to Sat17,6276.14313957403
Sat16 to Sat17,6276.143139574025
Sat16 to Sat17,6276.143139574027
Sat16 to Sat17,6276.143139574027
Sat16 to Sat17,6276.143139574028
Sat16 to Sat17,6276.143139574028
Sat16 to Sat17,6276.008290825167
Sat16 to Sat26,4291.195692493344
Sat16 to Sat26,3008.7764749738503
Sat16 to Sat26,1585.0103611625025
Sat16 to Sat26,677.1225581264836
Sat16 to Sat26,1847.8567411319607
Sat16 to Sat26,3260.0175341182066
Sat16 to Sat26,4501.18380107161
Sat17 to Sat18,6276.14313957403
Sat17 to Sat18,6276.143139574026
Sat17 to Sat18,6276.1431395740265
Sat17 to Sat18,6276.143139574028
Sat17 to Sat18,6276.1431395740265
Sat17 to Sat18,6276.1431395740265
Sat17 to Sat18,6276.008290825844
Sat17 to Sat27,715.3745738575728
Sat17 to Sat27,1961.6628343119332
Sat17 to Sat27,3366.1746164368374
Sat17 to Sat27,4588.587541052978
Sat17 to Sat27,5526.643828600545
Sat17 to Sat27,6113.976824303192
Sat17 to Sat27,6310.688847878245
Sat18 to Sat11,6276.1431395740265
Sat18 to Sat11,6276.1431395740265
Sat18 to Sat11,6276.143139574028
Sat18 to Sat11,6276.14313957403
Sat18 to Sat11,6276.143139574028
Sat18 to Sat11,6276.1431395740265
Sat18 to Sat11,6276.008290817035
Sat18 to Sat28,4674.161422512951
Sat18 to Sat28,5586.546055748037
Sat18 to Sat28,6144.098390242101
Sat18 to Sat28,6309.006125477499
Sat18 to Sat28,6070.205533794332
Sat18 to Sat28,5443.739118406995
Sat18 to Sat28,4472.2832604631985
Sat21 to Sat22,6276.143139574026
Sat21 to Sat22,6276.143139574023
Sat21 to Sat22,6276.143139574028
Sat21 to Sat22,6276.143139574025
Sat21 to Sat22,6276.143139574028
Sat21 to Sat22,6276.143139574022
Sat21 to Sat22,6276.008306913463
Sat21 to Sat31,6257.323746447215
Sat21 to Sat31,5851.728801804631
Sat21 to Sat31,5073.236576839791
Sat21 to Sat31,3975.545795502534
Sat21 to Sat31,2640.807834870477
Sat21 to Sat31,1222.008639088766
Sat21 to Sat31,871.1660591769374
Sat22 to Sat23,6276.143139574029
Sat22 to Sat23,6276.143139574031
Sat22 to Sat23,6276.143139574033
Sat22 to Sat23,6276.14313957403
Sat22 to Sat23,6276.14313957403
Sat22 to Sat23,6276.14313957403
Sat22 to Sat23,6276.008306922264
Sat22 to Sat32,3877.3208786948203
Sat22 to Sat32,2528.549110513633
Sat22 to Sat32,1118.8467956868838
Sat22 to Sat32,958.0190505115428
Sat22 to Sat32,2340.2313769170087
Sat22 to Sat32,3710.4550363402545
Sat22 to Sat32,4866.053535579366
Sat23 to Sat24,6276.1431395740265
Sat23 to Sat24,6276.143139574028
Sat23 to Sat24,6276.1431395740265
Sat23 to Sat24,6276.1431395740265
Sat23 to Sat24,6276.143139574025
Sat23 to Sat24,6276.14313957402
Sat23 to Sat24,6276.008306921396
Sat23 to Sat33,1052.5689917477175
Sat23 to Sat33,2453.4145717637625
Sat23 to Sat33,3811.0792332202864
Sat23 to Sat33,4945.423276578
Sat23 to Sat33,5769.607650234755
Sat23 to Sat33,6226.464994936745
Sat23 to Sat33,6285.147852569825
Sat24 to Sat25,6276.1431395740265
Sat24 to Sat25,6276.143139574024
Sat24 to Sat25,6276.143139574024
Sat24 to Sat25,6276.143139574032
Sat24 to Sat25,6276.143139574032
Sat24 to Sat25,6276.143139574032
Sat24 to Sat25,6276.008306912619
Sat24 to Sat34,5022.804686591815
Sat24 to Sat34,5819.680212186383
Sat24 to Sat34,6245.825976079407
Sat24 to Sat34,6272.496252440464
Sat24 to Sat34,5897.905380598559
Sat24 to Sat34,5147.287497995481
Sat24 to Sat34,4072.2840569164155
Sat25 to Sat26,6276.1431395740265
Sat25 to Sat26,6276.143139574025
Sat25 to Sat26,6276.1431395740265
Sat25 to Sat26,6276.143139574026
Sat25 to Sat26,6276.143139574028
Sat25 to Sat26,6276.143139574025
Sat25 to Sat26,6276.008306913466
Sat25 to Sat35,6257.323746447217
Sat25 to Sat35,5851.728801804632
Sat25 to Sat35,5073.236576839792
Sat25 to Sat35,3975.545795502535
Sat25 to Sat35,2640.807834870479
Sat25 to Sat35,1222.0086390887666
Sat25 to Sat35,871.1660591769353
Sat26 to Sat27,6276.143139574027
Sat26 to Sat27,6276.14313957403
Sat26 to Sat27,6276.143139574029
Sat26 to Sat27,6276.14313957403
Sat26 to Sat27,6276.143139574025
Sat26 to Sat27,6276.1431395740265
Sat26 to Sat27,6276.008306922253
Sat26 to Sat36,3877.3208786948217
Sat26 to Sat36,2528.549110513634
Sat26 to Sat36,1118.8467956868828
Sat26 to Sat36,958.0190505115389
Sat26 to Sat36,2340.231376917007
Sat26 to Sat36,3710.4550363402514
Sat26 to Sat36,4866.053535579363
Sat27 to Sat28,6276.1431395740265
Sat27 to Sat28,6276.143139574028
Sat27 to Sat28,6276.143139574026
Sat27 to Sat28,6276.1431395740265
Sat27 to Sat28,6276.143139574025
Sat27 to Sat28,6276.14313957402
Sat27 to Sat28,6276.008306921397
Sat27 to Sat37,1052.568991747716
Sat27 to Sat37,2453.414571763761
Sat27 to Sat37,3811.0792332202855
Sat27 to Sat37,4945.423276578
Sat27 to Sat37,5769.607650234752
Sat27 to Sat37,6226.464994936747
Sat27 to Sat37,6285.1478525698285
Sat28 to Sat21,6276.143139574028
Sat28 to Sat21,6276.143139574027
Sat28 to Sat21,6276.143139574027
Sat28 to Sat21,6276.143139574034
Sat28 to Sat21,6276.143139574036
Sat28 to Sat21,6276.143139574031
Sat28 to Sat21,6276.008306912624
Sat28 to Sat38,5022.80468659181
Sat28 to Sat38,5819.680212186382
Sat28 to Sat38,6245.825976079407
Sat28 to Sat38,6272.496252440459
Sat28 to Sat38,5897.9053805985595
Sat28 to Sat38,5147.28749799548
Sat28 to Sat38,4072.2840569164186
Sat31 to Sat32,6276.143139574026
Sat31 to Sat32,6276.143139574032
Sat31 to Sat32,6276.143139574027
Sat31 to Sat32,6276.143139574025
Sat31 to Sat32,6276.143139574028
Sat31 to Sat32,6276.143139574022
Sat31 to Sat32,6276.008313564555
Sat31 to Sat41,6162.784821381
Sat31 to Sat41,5625.196964526703
Sat31 to Sat41,4730.139575044413
Sat31 to Sat41,3540.3916888371136
Sat31 to Sat41,2151.5254670595486
Sat31 to Sat41,819.3906818775655
Sat31 to Sat41,1291.993827224511
Sat32 to Sat33,6276.143139574026
Sat32 to Sat33,6276.14313957403
Sat32 to Sat33,6276.143139574026
Sat32 to Sat33,6276.143139574026
Sat32 to Sat33,6276.14313957403
Sat32 to Sat33,6276.143139574026
Sat32 to Sat33,6276.008313573074
Sat32 to Sat42,3436.2414365666928
Sat32 to Sat42,2037.5927528192128
Sat32 to Sat42,751.6683733223816
Sat32 to Sat42,1400.3219661150356
Sat32 to Sat42,2825.6082370249947
Sat32 to Sat42,4135.286347226342
Sat32 to Sat42,5195.04674517777
Sat33 to Sat34,6276.14313957403
Sat33 to Sat34,6276.143139574031
Sat33 to Sat34,6276.143139574027
Sat33 to Sat34,6276.143139574032
Sat33 to Sat34,6276.1431395740265
Sat33 to Sat34,6276.143139574023
Sat33 to Sat34,6276.008313570723
Sat33 to Sat43,1510.6491774046526
Sat33 to Sat43,2935.838879240461
Sat33 to Sat43,4229.406083074695
Sat33 to Sat43,5265.72267107531
Sat33 to Sat43,5969.352552452203
Sat33 to Sat43,6292.115503873461
Sat33 to Sat43,6212.307266359745
Sat34 to Sat35,6276.143139574024
Sat34 to Sat35,6276.143139574024
Sat34 to Sat35,6276.143139574026
Sat34 to Sat35,6276.1431395740265
Sat34 to Sat35,6276.143139574032
Sat34 to Sat35,6276.143139574028
Sat34 to Sat35,6276.008313562217
Sat34 to Sat44,5334.272163001693
Sat34 to Sat44,6009.196580781999
Sat34 to Sat44,6300.563454441425
Sat34 to Sat44,6188.786661389425
Sat34 to Sat44,5681.36635818907
Sat34 to Sat44,4812.638893075864
Sat34 to Sat44,3643.2769851538046
Sat35 to Sat36,6276.143139574021
Sat35 to Sat36,6276.143139574028
Sat35 to Sat36,6276.143139574023
Sat35 to Sat36,6276.143139574025
Sat35 to Sat36,6276.143139574025
Sat35 to Sat36,6276.143139574022
Sat35 to Sat36,6276.0083135645555
Sat35 to Sat45,6162.784821380999
Sat35 to Sat45,5625.1969645267045
Sat35 to Sat45,4730.139575044412
Sat35 to Sat45,3540.3916888371136
Sat35 to Sat45,2151.525467059548
Sat35 to Sat45,819.390681877567
Sat35 to Sat45,1291.9938272245115
Sat36 to Sat37,6276.143139574026
Sat36 to Sat37,6276.143139574032
Sat36 to Sat37,6276.1431395740265
Sat36 to Sat37,6276.143139574025
Sat36 to Sat37,6276.143139574028
Sat36 to Sat37,6276.1431395740265
Sat36 to Sat37,6276.008313573069
Sat36 to Sat46,3436.2414365666937
Sat36 to Sat46,2037.5927528192158
Sat36 to Sat46,751.6683733223829
Sat36 to Sat46,1400.321966115034
Sat36 to Sat46,2825.6082370249937
Sat36 to Sat46,4135.286347226344
Sat36 to Sat46,5195.046745177769
Sat37 to Sat38,6276.143139574027
Sat37 to Sat38,6276.143139574028
Sat37 to Sat38,6276.143139574023
Sat37 to Sat38,6276.143139574028
Sat37 to Sat38,6276.143139574031
Sat37 to Sat38,6276.143139574028
Sat37 to Sat38,6276.008313570731
Sat37 to Sat47,1510.649177404649
Sat37 to Sat47,2935.838879240457
Sat37 to Sat47,4229.406083074692
Sat37 to Sat47,5265.722671075311
Sat37 to Sat47,5969.352552452203
Sat37 to Sat47,6292.115503873461
Sat37 to Sat47,6212.307266359749
Sat38 to Sat31,6276.143139574028
Sat38 to Sat31,6276.143139574028
Sat38 to Sat31,6276.143139574028
Sat38 to Sat31,6276.143139574034
Sat38 to Sat31,6276.143139574038
Sat38 to Sat31,6276.143139574034
Sat38 to Sat31,6276.008313562227
Sat38 to Sat48,5334.272163001688
Sat38 to Sat48,6009.196580781999
Sat38 to Sat48,6300.563454441426
Sat38 to Sat48,6188.786661389427
Sat38 to Sat48,5681.366358189073
Sat38 to Sat48,4812.6388930758685
Sat38 to Sat48,3643.276985153808
Sat41 to Sat42,6276.143139574025
Sat41 to Sat42,6276.143139574028
Sat41 to Sat42,6276.143139574029
Sat41 to Sat42,6276.143139574023
Sat41 to Sat42,6276.14313957403
Sat41 to Sat42,6276.143139574027
Sat41 to Sat42,6276.008306874011
Sat42 to Sat43,6276.143139574028
Sat42 to Sat43,6276.143139574033
Sat42 to Sat43,6276.143139574028
Sat42 to Sat43,6276.14313957403
Sat42 to Sat43,6276.14313957403
Sat42 to Sat43,6276.143139574027
Sat42 to Sat43,6276.008306881999
Sat43 to Sat44,6276.143139574027
Sat43 to Sat44,6276.143139574028
Sat43 to Sat44,6276.143139574026
Sat43 to Sat44,6276.1431395740265
Sat43 to Sat44,6276.1431395740265
Sat43 to Sat44,6276.1431395740265
Sat43 to Sat44,6276.008306878233
Sat44 to Sat45,6276.143139574026
Sat44 to Sat45,6276.143139574023
Sat44 to Sat45,6276.143139574026
Sat44 to Sat45,6276.143139574026
Sat44 to Sat45,6276.143139574032
Sat44 to Sat45,6276.14313957403
Sat44 to Sat45,6276.008306870248
Sat45 to Sat46,6276.14313957402
Sat45 to Sat46,6276.143139574025
Sat45 to Sat46,6276.1431395740265
Sat45 to Sat46,6276.14313957402
Sat45 to Sat46,6276.143139574028
Sat45 to Sat46,6276.143139574025
Sat45 to Sat46,6276.008306874006
Sat46 to Sat47,6276.1431395740265
Sat46 to Sat47,6276.143139574031
Sat46 to Sat47,6276.143139574028
Sat46 to Sat47,6276.143139574028
Sat46 to Sat47,6276.143139574029
Sat46 to Sat47,6276.143139574027
Sat46 to Sat47,6276.008306881997
Sat47 to Sat48,6276.143139574029
Sat47 to Sat48,6276.143139574028
Sat47 to Sat48,6276.1431395740265
Sat47 to Sat48,6276.1431395740265
Sat47 to Sat48,6276.143139574027
Sat47 to Sat48,6276.1431395740265
Sat47 to Sat48,6276.008306878233
Sat48 to Sat41,6276.143139574028
Sat48 to Sat41,6276.143139574028
Sat48 to Sat41,6276.14313957403
Sat48 to Sat41,6276.143139574028
Sat48 to Sat41,6276.143139574035
Sat48 to Sat41,6276.143139574033
Sat48 to Sat41,6276.008306870251
